{
"lengthUnit": "mil",
"components": {
	"fields": ["COMPONENT_NO", "COMPONENT_NAME", "LAYER", "X_COORDINATE", "Y_COORDINATE", "ANGLE"],
	"rows": [
		[1, "C1", "T", 739.95, -262.77, 0],
		[2, "C2", "T", 1492, -274, 0],
		[3, "C3", "T", 2189.89, -274.21, 0],
		[4, "C4", "T", 996.83, -328, 270],
		[5, "C5", "T", 1766, -328, 270],
		[6, "C6", "T", 2459.83, -328, 270],
		[7, "J1", "T", -63.7, -436.16, 180],
		[8, "R1", "T", 573, -289.37, 270],
		[9, "R2", "T", 1327, -297, 270],
		[10, "R3", "T", 2019, -303.69, 270],
		[11, "U1", "T", 799, -412, 180],
		[12, "U2", "T", 1553, -412, 180],
		[13, "U3", "T", 2250, -412, 180],
		[14, "U4", "B", 1492, -348, 0]
	]
},
"pins": {
	"fields": ["PIN_NO", "PIN_NAME", "PIN_X", "PIN_Y", "LAYER", "PIN_TYPE", "NET_NAME", "NET_TYPE", "PAD_SHAPE", "PAD_SIZEX", "PAD_SIZEY", "HOLE_SIZE", "PAD_ANGLE"],
	"rows": [
		[1, "C1_1", 712.39, -262.77, "T", "SMD", "GND", "GND", "R", 31.5, 35.43, 0, 0],
		[2, "C1_2", 767.51, -262.77, "T", "SMD", "$1N19781", "", "R", 31.5, 35.43, 0, 0],
		[3, "C2_1", 1464.44, -274, "T", "SMD", "GND", "GND", "R", 31.5, 35.43, 0, 0],
		[4, "C2_2", 1519.56, -274, "T", "SMD", "$1N19783", "", "R", 31.5, 35.43, 0, 0],
		[5, "C3_1", 2162.33, -274.21, "T", "SMD", "GND", "GND", "R", 31.5, 35.43, 0, 0],
		[6, "C3_2", 2217.45, -274.21, "T", "SMD", "$1N19786", "", "R", 31.5, 35.43, 0, 0],
		[7, "C4_1", 996.83, -300.44, "T", "SMD", "GND", "GND", "R", 31.5, 35.43, 0, 270],
		[8, "C4_2", 996.83, -355.56, "T", "SMD", "+3V3", "", "R", 31.5, 35.43, 0, 270],
		[9, "C5_1", 1766, -300.44, "T", "SMD", "GND", "GND", "R", 31.5, 35.43, 0, 270],
		[10, "C5_2", 1766, -355.56, "T", "SMD", "+3V3", "", "R", 31.5, 35.43, 0, 270],
		[11, "C6_1", 2459.83, -300.44, "T", "SMD", "GND", "GND", "R", 31.5, 35.43, 0, 270],
		[12, "C6_2", 2459.83, -355.56, "T", "SMD", "+3V3", "", "R", 31.5, 35.43, 0, 270],
		[13, "J1_1", -3.86, -477.31, "T", "SMD", "SCL", "", "R", 78.74, 13.78, 0, 270],
		[14, "J1_2", -42.84, -478.68, "T", "SMD", "SDA", "", "R", 78.74, 13.78, 0, 270],
		[15, "J1_3", -83.39, -479.47, "T", "SMD", "+3V3", "", "R", 78.74, 13.78, 0, 270],
		[16, "J1_4", -122.96, -479.86, "T", "SMD", "GND", "GND", "R", 78.74, 13.78, 0, 270],
		[17, "J1_5", -232.99, -386.95, "T", "SMD", "J1_5", "", "R", 118.11, 98.42, 0, 0],
		[18, "J1_6", 99.29, -385.77, "T", "SMD", "J1_6", "", "R", 118.11, 98.42, 0, 0],
		[19, "R1_1", 573, -259.71, "T", "SMD", "GND", "GND", "R", 31.75, 34.02, 0, 270],
		[20, "R1_2", 573, -319.03, "T", "SMD", "$1N19782", "", "R", 31.75, 34.02, 0, 270],
		[21, "R2_1", 1327, -267.34, "T", "SMD", "GND", "GND", "R", 31.75, 34.02, 0, 270],
		[22, "R2_2", 1327, -326.66, "T", "SMD", "$1N19784", "", "R", 31.75, 34.02, 0, 270],
		[23, "R3_1", 2019, -274.03, "T", "SMD", "GND", "GND", "R", 31.75, 34.02, 0, 270],
		[24, "R3_2", 2019, -333.35, "T", "SMD", "$1N19785", "", "R", 31.75, 34.02, 0, 270],
		[25, "U1_1", 830.49, -353.81, "T", "SMD", "U1_1", "", "P", 8.82, 39.61, 0, 0],
		[26, "U1_2", 814.75, -353.61, "T", "SMD", "SCL", "", "R", 7.87, 40, 0, 180],
		[27, "U1_3", 799, -353.61, "T", "SMD", "SDA", "", "R", 7.87, 40, 0, 180],
		[28, "U1_4", 783.25, -353.61, "T", "SMD", "GND", "GND", "R", 7.87, 40, 0, 180],
		[29, "U1_5", 767.5, -353.81, "T", "SMD", "$1N19781", "", "P", 8.82, 39.61, 0, 180],
		[30, "U1_6", 740.42, -380.5, "T", "SMD", "GND", "GND", "P", 39.61, 8.82, 0, 90],
		[31, "U1_7", 740.61, -396.25, "T", "SMD", "$1N19782", "", "R", 40, 7.87, 0, 180],
		[32, "U1_8", 740.61, -412, "T", "SMD", "A1", "", "R", 40, 7.87, 0, 180],
		[33, "U1_9", 740.61, -427.75, "T", "SMD", "A2", "", "R", 40, 7.87, 0, 180],
		[34, "U1_10", 740.8, -443.5, "T", "SMD", "A3", "", "P", 39.61, 8.82, 0, 270],
		[35, "U1_11", 767.5, -470.19, "T", "SMD", "A4", "", "P", 8.82, 39.61, 0, 180],
		[36, "U1_12", 783.25, -470.39, "T", "SMD", "A5", "", "R", 7.87, 40, 0, 180],
		[37, "U1_13", 799, -470.39, "T", "SMD", "A6", "", "R", 7.87, 40, 0, 180],
		[38, "U1_14", 814.75, -470.39, "T", "SMD", "A7", "", "R", 7.87, 40, 0, 180],
		[39, "U1_15", 830.5, -470.19, "T", "SMD", "A8", "", "P", 8.82, 39.61, 0, 0],
		[40, "U1_16", 857.19, -443.5, "T", "SMD", "A9", "", "P", 39.61, 8.82, 0, 270],
		[41, "U1_17", 857.38, -427.75, "T", "SMD", "A10", "", "R", 40, 7.87, 0, 180],
		[42, "U1_18", 857.38, -412, "T", "SMD", "A11", "", "R", 40, 7.87, 0, 180],
		[43, "U1_19", 857.38, -396.25, "T", "SMD", "A12", "", "R", 40, 7.87, 0, 180],
		[44, "U1_20", 857.19, -380.5, "T", "SMD", "+3V3", "", "P", 39.61, 8.82, 0, 90],
		[45, "U2_1", 1584.49, -353.81, "T", "SMD", "U2_1", "", "P", 8.82, 39.61, 0, 0],
		[46, "U2_2", 1568.75, -353.61, "T", "SMD", "SCL", "", "R", 7.87, 40, 0, 180],
		[47, "U2_3", 1553, -353.61, "T", "SMD", "SDA", "", "R", 7.87, 40, 0, 180],
		[48, "U2_4", 1537.25, -353.61, "T", "SMD", "+3V3", "", "R", 7.87, 40, 0, 180],
		[49, "U2_5", 1521.5, -353.81, "T", "SMD", "$1N19783", "", "P", 8.82, 39.61, 0, 180],
		[50, "U2_6", 1494.42, -380.5, "T", "SMD", "GND", "GND", "P", 39.61, 8.82, 0, 90],
		[51, "U2_7", 1494.61, -396.25, "T", "SMD", "$1N19784", "", "R", 40, 7.87, 0, 180],
		[52, "U2_8", 1494.61, -412, "T", "SMD", "B1", "", "R", 40, 7.87, 0, 180],
		[53, "U2_9", 1494.61, -427.75, "T", "SMD", "B2", "", "R", 40, 7.87, 0, 180],
		[54, "U2_10", 1494.8, -443.5, "T", "SMD", "B3", "", "P", 39.61, 8.82, 0, 270],
		[55, "U2_11", 1521.5, -470.19, "T", "SMD", "B4", "", "P", 8.82, 39.61, 0, 180],
		[56, "U2_12", 1537.25, -470.39, "T", "SMD", "B5", "", "R", 7.87, 40, 0, 180],
		[57, "U2_13", 1553, -470.39, "T", "SMD", "B6", "", "R", 7.87, 40, 0, 180],
		[58, "U2_14", 1568.75, -470.39, "T", "SMD", "B7", "", "R", 7.87, 40, 0, 180],
		[59, "U2_15", 1584.5, -470.19, "T", "SMD", "B8", "", "P", 8.82, 39.61, 0, 0],
		[60, "U2_16", 1611.19, -443.5, "T", "SMD", "B9", "", "P", 39.61, 8.82, 0, 270],
		[61, "U2_17", 1611.38, -427.75, "T", "SMD", "B10", "", "R", 40, 7.87, 0, 180],
		[62, "U2_18", 1611.38, -412, "T", "SMD", "B11", "", "R", 40, 7.87, 0, 180],
		[63, "U2_19", 1611.38, -396.25, "T", "SMD", "B12", "", "R", 40, 7.87, 0, 180],
		[64, "U2_20", 1611.19, -380.5, "T", "SMD", "+3V3", "", "P", 39.61, 8.82, 0, 90],
		[65, "U3_1", 2281.49, -353.81, "T", "SMD", "U3_1", "", "P", 8.82, 39.61, 0, 0],
		[66, "U3_2", 2265.75, -353.61, "T", "SMD", "SCL", "", "R", 7.87, 40, 0, 180],
		[67, "U3_3", 2250, -353.61, "T", "SMD", "SDA", "", "R", 7.87, 40, 0, 180],
		[68, "U3_4", 2234.25, -353.61, "T", "SMD", "SDA", "", "R", 7.87, 40, 0, 180],
		[69, "U3_5", 2218.5, -353.81, "T", "SMD", "$1N19786", "", "P", 8.82, 39.61, 0, 180],
		[70, "U3_6", 2191.42, -380.5, "T", "SMD", "GND", "GND", "P", 39.61, 8.82, 0, 90],
		[71, "U3_7", 2191.61, -396.25, "T", "SMD", "$1N19785", "", "R", 40, 7.87, 0, 180],
		[72, "U3_8", 2191.61, -412, "T", "SMD", "C1", "", "R", 40, 7.87, 0, 180],
		[73, "U3_9", 2191.61, -427.75, "T", "SMD", "C2", "", "R", 40, 7.87, 0, 180],
		[74, "U3_10", 2191.8, -443.5, "T", "SMD", "C3", "", "P", 39.61, 8.82, 0, 270],
		[75, "U3_11", 2218.5, -470.19, "T", "SMD", "C4", "", "P", 8.82, 39.61, 0, 180],
		[76, "U3_12", 2234.25, -470.39, "T", "SMD", "C5", "", "R", 7.87, 40, 0, 180],
		[77, "U3_13", 2250, -470.39, "T", "SMD", "C6", "", "R", 7.87, 40, 0, 180],
		[78, "U3_14", 2265.75, -470.39, "T", "SMD", "C7", "", "R", 7.87, 40, 0, 180],
		[79, "U3_15", 2281.5, -470.19, "T", "SMD", "C8", "", "P", 8.82, 39.61, 0, 0],
		[80, "U3_16", 2308.19, -443.5, "T", "SMD", "C9", "", "P", 39.61, 8.82, 0, 270],
		[81, "U3_17", 2308.38, -427.75, "T", "SMD", "C10", "", "R", 40, 7.87, 0, 180],
		[82, "U3_18", 2308.38, -412, "T", "SMD", "C11", "", "R", 40, 7.87, 0, 180],
		[83, "U3_19", 2308.38, -396.25, "T", "SMD", "C12", "", "R", 40, 7.87, 0, 180],
		[84, "U3_20", 2308.19, -380.5, "T", "SMD", "+3V3", "", "P", 39.61, 8.82, 0, 90],
		[85, "U4_1", 452.63, -348, "B", "SMD", "A1", "", "R", 31.5, 433.07, 0, 0],
		[86, "U4_2", 515.62, -348, "B", "SMD", "A2", "", "R", 31.5, 433.07, 0, 0],
		[87, "U4_3", 578.62, -348, "B", "SMD", "A3", "", "R", 31.5, 433.07, 0, 0],
		[88, "U4_4", 641.61, -348, "B", "SMD", "A4", "", "R", 31.5, 433.07, 0, 0],
		[89, "U4_5", 704.6, -348, "B", "SMD", "A5", "", "R", 31.5, 433.07, 0, 0],
		[90, "U4_6", 767.59, -348, "B", "SMD", "A6", "", "R", 31.5, 433.07, 0, 0],
		[91, "U4_7", 830.58, -348, "B", "SMD", "A7", "", "R", 31.5, 433.07, 0, 0],
		[92, "U4_8", 893.58, -348, "B", "SMD", "A8", "", "R", 31.5, 433.07, 0, 0],
		[93, "U4_9", 956.57, -348, "B", "SMD", "A9", "", "R", 31.5, 433.07, 0, 0],
		[94, "U4_10", 1019.56, -348, "B", "SMD", "A10", "", "R", 31.5, 433.07, 0, 0],
		[95, "U4_11", 1082.55, -348, "B", "SMD", "A11", "", "R", 31.5, 433.07, 0, 0],
		[96, "U4_12", 1145.54, -348, "B", "SMD", "A12", "", "R", 31.5, 433.07, 0, 0],
		[97, "U4_13", 1208.54, -348, "B", "SMD", "B1", "", "R", 31.5, 433.07, 0, 0],
		[98, "U4_14", 1271.53, -348, "B", "SMD", "B2", "", "R", 31.5, 433.07, 0, 0],
		[99, "U4_15", 1334.52, -348, "B", "SMD", "B3", "", "R", 31.5, 433.07, 0, 0],
		[100, "U4_16", 1397.51, -348, "B", "SMD", "B4", "", "R", 31.5, 433.07, 0, 0],
		[101, "U4_17", 1460.5, -348, "B", "SMD", "B5", "", "R", 31.5, 433.07, 0, 0],
		[102, "U4_18", 1523.5, -348, "B", "SMD", "B6", "", "R", 31.5, 433.07, 0, 0],
		[103, "U4_19", 1586.49, -348, "B", "SMD", "B7", "", "R", 31.5, 433.07, 0, 0],
		[104, "U4_20", 1649.48, -348, "B", "SMD", "B8", "", "R", 31.5, 433.07, 0, 0],
		[105, "U4_21", 1712.47, -348, "B", "SMD", "B9", "", "R", 31.5, 433.07, 0, 0],
		[106, "U4_22", 1775.46, -348, "B", "SMD", "B10", "", "R", 31.5, 433.07, 0, 0],
		[107, "U4_23", 1838.46, -348, "B", "SMD", "B11", "", "R", 31.5, 433.07, 0, 0],
		[108, "U4_24", 1901.45, -348, "B", "SMD", "B12", "", "R", 31.5, 433.07, 0, 0],
		[109, "U4_25", 1964.44, -348, "B", "SMD", "C1", "", "R", 31.5, 433.07, 0, 0],
		[110, "U4_26", 2027.43, -348, "B", "SMD", "C2", "", "R", 31.5, 433.07, 0, 0],
		[111, "U4_27", 2090.42, -348, "B", "SMD", "C3", "", "R", 31.5, 433.07, 0, 0],
		[112, "U4_28", 2153.42, -348, "B", "SMD", "C4", "", "R", 31.5, 433.07, 0, 0],
		[113, "U4_29", 2216.41, -348, "B", "SMD", "C5", "", "R", 31.5, 433.07, 0, 0],
		[114, "U4_30", 2279.4, -348, "B", "SMD", "C6", "", "R", 31.5, 433.07, 0, 0],
		[115, "U4_31", 2342.39, -348, "B", "SMD", "C7", "", "R", 31.5, 433.07, 0, 0],
		[116, "U4_32", 2405.38, -348, "B", "SMD", "C8", "", "R", 31.5, 433.07, 0, 0],
		[117, "U4_33", 2468.38, -348, "B", "SMD", "C9", "", "R", 31.5, 433.07, 0, 0],
		[118, "U4_34", 2531.37, -348, "B", "SMD", "C10", "", "R", 31.5, 433.07, 0, 0]
	]
}
}