{
"lengthUnit": "mil",
"components": {
	"fields": ["COMPONENT_NO", "COMPONENT_NAME", "LAYER", "X_COORDINATE", "Y_COORDINATE", "ANGLE"],
	"rows": [
		[1, "C1", "B", 655, -1770, 270],
		[2, "C2", "B", 445, -920, 180],
		[3, "FPC1", "B", 589.3, -2265, 180],
		[4, "J2", "B", 762.69, -812.89, 90],
		[5, "J3", "B", 392.79, -1240, 180],
		[6, "J4", "B", 834.3, -1454, 90],
		[7, "U1", "T", 605.69, -1035, 270],
		[8, "U2", "B", 509.3, -1765, 90],
		[9, "PAD1", "T", 557.02, -85.91, 0],
		[10, "PAD1", "B", 557.02, -85.91, 0],
		[11, "PAD2", "T", 655.76, -85.91, 0],
		[12, "PAD2", "B", 655.76, -85.91, 0],
		[13, "PAD3", "T", 606.39, -215.83, 0],
		[14, "PAD3", "B", 606.39, -215.83, 0]
	]
},
"pins": {
	"fields": ["PIN_NO", "PIN_NAME", "PIN_X", "PIN_Y", "LAYER", "PIN_TYPE", "NET_NAME", "NET_TYPE", "PAD_SHAPE", "PAD_SIZEX", "PAD_SIZEY", "HOLE_SIZE", "PAD_ANGLE"],
	"rows": [
		[1, "C1_1", 655, -1742.44, "B", "SMD", "GND", "GND", "R", 31.5, 35.43, 0, 270],
		[2, "C1_2", 655, -1797.56, "B", "SMD", "+5V", "", "R", 31.5, 35.43, 0, 270],
		[3, "C2_1", 472.56, -920, "B", "SMD", "GND", "GND", "R", 31.5, 35.43, 0, 180],
		[4, "C2_2", 417.44, -920, "B", "SMD", "+3V3", "", "R", 31.5, 35.43, 0, 180],
		[5, "FPC1_1", 697.57, -2214.31, "B", "SMD", "BT1", "", "R", 11.81, 49.21, 0, 180],
		[6, "FPC1_2", 677.89, -2214.31, "B", "SMD", "BT2", "", "R", 11.81, 49.21, 0, 180],
		[7, "FPC1_3", 658.2, -2214.31, "B", "SMD", "BT3", "", "R", 11.81, 49.21, 0, 180],
		[8, "FPC1_4", 638.52, -2214.31, "B", "SMD", "BT4", "", "R", 11.81, 49.21, 0, 180],
		[9, "FPC1_5", 618.83, -2214.31, "B", "SMD", "BT5", "", "R", 11.81, 49.21, 0, 180],
		[10, "FPC1_6", 599.15, -2214.31, "B", "SMD", "BT6", "", "R", 11.81, 49.21, 0, 180],
		[11, "FPC1_7", 579.46, -2214.31, "B", "SMD", "BT7", "", "R", 11.81, 49.21, 0, 180],
		[12, "FPC1_8", 559.78, -2214.31, "B", "SMD", "BT8", "", "R", 11.81, 49.21, 0, 180],
		[13, "FPC1_9", 540.09, -2214.31, "B", "SMD", "GND", "GND", "R", 11.81, 49.21, 0, 180],
		[14, "FPC1_10", 520.41, -2214.31, "B", "SMD", "+5V", "", "R", 11.81, 49.21, 0, 180],
		[15, "FPC1_11", 500.72, -2214.31, "B", "SMD", "RGB0", "", "R", 11.81, 49.21, 0, 180],
		[16, "FPC1_12", 481.04, -2214.31, "B", "SMD", "GND", "GND", "R", 11.81, 49.21, 0, 180],
		[17, "FPC1_13", 414.5, -2315.69, "B", "SMD", "GND", "GND", "R", 78.74, 98.42, 0, 180],
		[18, "FPC1_14", 764.11, -2315.69, "B", "SMD", "GND", "GND", "R", 78.74, 98.42, 0, 180],
		[19, "J2_1", 657.39, -962.89, "B", "SMD", "SCL", "", "R", 51.2, 177.2, 0, 90],
		[20, "J2_2", 657.39, -862.89, "B", "SMD", "SDA", "", "R", 51.2, 177.2, 0, 90],
		[21, "J2_3", 657.39, -762.89, "B", "SMD", "+3V3", "", "R", 51.2, 177.2, 0, 90],
		[22, "J2_4", 657.39, -662.89, "B", "SMD", "GND", "GND", "R", 51.2, 177.2, 0, 90],
		[23, "J2_5", 867.99, -1088.89, "B", "SMD", "GND", "GND", "R", 70.9, 153.5, 0, 90],
		[24, "J2_6", 867.99, -536.89, "B", "SMD", "GND", "GND", "R", 70.9, 153.5, 0, 90],
		[25, "J3_1", 451.85, -1190.3, "B", "SMD", "GND", "GND", "R", 49.21, 13.78, 0, 90],
		[26, "J3_2", 412.48, -1190.3, "B", "SMD", "+3V3", "", "R", 49.21, 13.78, 0, 90],
		[27, "J3_3", 373.11, -1190.3, "B", "SMD", "SDA", "", "R", 49.21, 13.78, 0, 90],
		[28, "J3_4", 333.74, -1190.3, "B", "SMD", "SCL", "", "R", 49.21, 13.78, 0, 90],
		[29, "J3_5", 239.24, -1289.7, "B", "SMD", "GND", "GND", "R", 78.74, 98.42, 0, 0],
		[30, "J3_6", 546.33, -1289.7, "B", "SMD", "GND", "GND", "R", 78.74, 98.42, 0, 0],
		[31, "J4_1", 784.11, -1532.74, "B", "SMD", "GND", "GND", "R", 15.75, 49.21, 0, 90],
		[32, "J4_2", 784.17, -1493.45, "B", "SMD", "COIN", "", "R", 15.75, 49.21, 0, 90],
		[33, "J4_3", 784.17, -1454.08, "B", "SMD", "TEST", "", "R", 15.75, 49.21, 0, 90],
		[34, "J4_4", 784.17, -1414.71, "B", "SMD", "SERVICE", "", "R", 15.75, 49.21, 0, 90],
		[35, "J4_5", 784.17, -1375.34, "B", "SMD", "NAVIGATE", "", "R", 15.75, 49.21, 0, 90],
		[36, "J4_6", 884.5, -1280.77, "B", "SMD", "GND", "GND", "R", 86.61, 86.61, 0, 90],
		[37, "J4_7", 884.5, -1627.23, "B", "SMD", "GND", "GND", "R", 86.61, 86.61, 0, 90],
		[38, "U1_1", 208.55, -72.59, "T", "SMD", "BT2", "", "R", 62.99, 125.98, 0, 270],
		[39, "U1_2", 208.55, -172.59, "T", "SMD", "BT1", "", "R", 62.99, 125.98, 0, 270],
		[40, "U1_3", 208.55, -272.59, "T", "SMD", "GND", "GND", "R", 62.99, 125.98, 0, 270],
		[41, "U1_4", 208.55, -372.59, "T", "SMD", "BT8", "", "R", 62.99, 125.98, 0, 270],
		[42, "U1_5", 208.55, -472.59, "T", "SMD", "BT7", "", "R", 62.99, 125.98, 0, 270],
		[43, "U1_6", 208.55, -572.59, "T", "SMD", "BT3", "", "R", 62.99, 125.98, 0, 270],
		[44, "U1_7", 208.55, -672.59, "T", "SMD", "BT4", "", "R", 62.99, 125.98, 0, 270],
		[45, "U1_8", 208.55, -772.59, "T", "SMD", "GND", "GND", "R", 62.99, 125.98, 0, 270],
		[46, "U1_9", 208.55, -872.59, "T", "SMD", "SDA", "", "R", 62.99, 125.98, 0, 270],
		[47, "U1_10", 208.55, -972.59, "T", "SMD", "SCL", "", "R", 62.99, 125.98, 0, 270],
		[48, "U1_11", 208.55, -1072.59, "T", "SMD", "BT5", "", "R", 62.99, 125.98, 0, 270],
		[49, "U1_12", 208.55, -1172.59, "T", "SMD", "BT6", "", "R", 62.99, 125.98, 0, 270],
		[50, "U1_13", 208.55, -1272.59, "T", "SMD", "GND", "GND", "R", 62.99, 125.98, 0, 270],
		[51, "U1_14", 208.55, -1372.59, "T", "SMD", "NAVIGATE", "", "R", 62.99, 125.98, 0, 270],
		[52, "U1_15", 208.55, -1472.59, "T", "SMD", "SERVICE", "", "R", 62.99, 125.98, 0, 270],
		[53, "U1_16", 208.55, -1572.59, "T", "SMD", "TEST", "", "R", 62.99, 125.98, 0, 270],
		[54, "U1_17", 208.55, -1672.59, "T", "SMD", "$1N1134", "", "R", 62.99, 125.98, 0, 270],
		[55, "U1_18", 208.55, -1772.59, "T", "SMD", "GND", "GND", "R", 62.99, 125.98, 0, 270],
		[56, "U1_19", 208.55, -1872.59, "T", "SMD", "COIN", "", "R", 62.99, 125.98, 0, 270],
		[57, "U1_21", 1002.83, -1972.59, "T", "SMD", "GND", "GND", "R", 62.99, 125.98, 0, 270],
		[58, "U1_22", 1002.83, -1872.59, "T", "SMD", "GND", "GND", "R", 62.99, 125.98, 0, 270],
		[59, "U1_23", 1002.83, -1772.59, "T", "SMD", "GND", "GND", "R", 62.99, 125.98, 0, 270],
		[60, "U1_24", 1002.83, -1672.59, "T", "SMD", "GND", "GND", "R", 62.99, 125.98, 0, 270],
		[61, "U1_25", 1002.83, -1572.59, "T", "SMD", "GND", "GND", "R", 62.99, 125.98, 0, 270],
		[62, "U1_26", 1002.83, -1472.59, "T", "SMD", "GND", "GND", "R", 62.99, 125.98, 0, 270],
		[63, "U1_27", 1002.83, -1372.59, "T", "SMD", "GND", "GND", "R", 62.99, 125.98, 0, 270],
		[64, "U1_28", 1002.83, -1272.59, "T", "SMD", "GND", "GND", "R", 62.99, 125.98, 0, 270],
		[65, "U1_29", 1002.83, -1172.59, "T", "SMD", "GND", "GND", "R", 62.99, 125.98, 0, 270],
		[66, "U1_30", 1002.83, -1072.59, "T", "SMD", "GND", "GND", "R", 62.99, 125.98, 0, 270],
		[67, "U1_31", 1002.83, -972.59, "T", "SMD", "GND", "GND", "R", 62.99, 125.98, 0, 270],
		[68, "U1_32", 1002.83, -872.59, "T", "SMD", "GND", "GND", "R", 62.99, 125.98, 0, 270],
		[69, "U1_33", 1002.83, -772.59, "T", "SMD", "GND", "GND", "R", 62.99, 125.98, 0, 270],
		[70, "U1_34", 1002.83, -672.59, "T", "SMD", "GND", "GND", "R", 62.99, 125.98, 0, 270],
		[71, "U1_35", 1002.83, -572.59, "T", "SMD", "GND", "GND", "R", 62.99, 125.98, 0, 270],
		[72, "U1_36", 1002.83, -472.59, "T", "SMD", "+3V3", "", "R", 62.99, 125.98, 0, 270],
		[73, "U1_37", 1002.83, -372.59, "T", "SMD", "GND", "GND", "R", 62.99, 125.98, 0, 270],
		[74, "U1_38", 1002.83, -272.59, "T", "SMD", "GND", "GND", "R", 62.99, 125.98, 0, 270],
		[75, "U1_39", 1002.83, -172.59, "T", "SMD", "GND", "GND", "R", 62.99, 125.98, 0, 270],
		[76, "U1_40", 1002.83, -72.59, "T", "SMD", "+5V", "", "R", 62.99, 125.98, 0, 270],
		[77, "U2_1", 471.91, -1721.69, "B", "SMD", "GND", "GND", "R", 23.62, 39.37, 0, 0],
		[78, "U2_2", 509.3, -1721.69, "B", "SMD", "$1N1134", "", "R", 23.62, 39.37, 0, 0],
		[79, "U2_3", 546.7, -1721.69, "B", "SMD", "GND", "GND", "R", 23.62, 39.37, 0, 0],
		[80, "U2_4", 546.71, -1808.31, "B", "SMD", "RGB0", "", "R", 23.62, 39.37, 0, 0],
		[81, "U2_5", 471.9, -1808.31, "B", "SMD", "+5V", "", "R", 23.62, 39.37, 0, 0],
		[82, "PAD1_45", 557.02, -85.91, "T", "DIP", "TP3", "", "O", 118.11, 78.74, 98.43, 90],
		[83, "PAD1_45", 557.02, -85.91, "B", "DIP", "TP3", "", "O", 118.11, 78.74, 98.43, 90],
		[84, "PAD2_44", 655.76, -85.91, "T", "DIP", "TP2", "", "O", 118.11, 78.74, 98.43, 90],
		[85, "PAD2_44", 655.76, -85.91, "B", "DIP", "TP2", "", "O", 118.11, 78.74, 98.43, 90],
		[86, "PAD3_45", 606.39, -215.83, "T", "DIP", "TP1", "", "O", 118.11, 78.74, 98.43, 90],
		[87, "PAD3_45", 606.39, -215.83, "B", "DIP", "TP1", "", "O", 118.11, 78.74, 98.43, 90]
	]
}
}