{
"lengthUnit": "mil",
"components": {
	"fields": ["COMPONENT_NO", "COMPONENT_NAME", "LAYER", "X_COORDINATE", "Y_COORDINATE", "ANGLE"],
	"rows": [
		[1, "J1", "T", 185, -2240, 90],
		[2, "SW1", "T", 157.48, -409.95, 90],
		[3, "SW2", "T", 157.48, -843.02, 90],
		[4, "SW3", "T", 157.48, -1276.09, 90],
		[5, "SW4", "T", 157.48, -1709.16, 90]
	]
},
"pins": {
	"fields": ["PIN_NO", "PIN_NAME", "PIN_X", "PIN_Y", "LAYER", "PIN_TYPE", "NET_NAME", "NET_TYPE", "PAD_SHAPE", "PAD_SIZEX", "PAD_SIZEY", "HOLE_SIZE", "PAD_ANGLE"],
	"rows": [
		[1, "J1_1", 235.2, -2318.74, "T", "SMD", "NAVIGATE", "", "R", 15.75, 49.21, 0, 90],
		[2, "J1_2", 235.14, -2279.45, "T", "SMD", "SERVICE", "", "R", 15.75, 49.21, 0, 90],
		[3, "J1_3", 235.14, -2240.08, "T", "SMD", "TEST", "", "R", 15.75, 49.21, 0, 90],
		[4, "J1_4", 235.14, -2200.71, "T", "SMD", "COIN", "", "R", 15.75, 49.21, 0, 90],
		[5, "J1_5", 235.14, -2161.34, "T", "SMD", "GND", "GND", "R", 15.75, 49.21, 0, 90],
		[6, "J1_6", 134.8, -2066.77, "T", "SMD", "J1_6", "", "R", 86.61, 86.61, 0, 90],
		[7, "J1_7", 134.81, -2413.23, "T", "SMD", "J1_7", "", "R", 86.61, 86.61, 0, 90],
		[8, "SW1_1", 157.48, -528.06, "T", "SMD", "NAVIGATE", "", "R", 78.74, 78.74, 0, 90],
		[9, "SW1_2", 157.48, -291.84, "T", "SMD", "GND", "GND", "R", 78.74, 78.74, 0, 90],
		[10, "SW2_1", 157.48, -961.13, "T", "SMD", "SERVICE", "", "R", 78.74, 78.74, 0, 90],
		[11, "SW2_2", 157.48, -724.91, "T", "SMD", "GND", "GND", "R", 78.74, 78.74, 0, 90],
		[12, "SW3_1", 157.48, -1394.2, "T", "SMD", "TEST", "", "R", 78.74, 78.74, 0, 90],
		[13, "SW3_2", 157.48, -1157.98, "T", "SMD", "GND", "GND", "R", 78.74, 78.74, 0, 90],
		[14, "SW4_1", 157.48, -1827.27, "T", "SMD", "COIN", "", "R", 78.74, 78.74, 0, 90],
		[15, "SW4_2", 157.48, -1591.05, "T", "SMD", "GND", "GND", "R", 78.74, 78.74, 0, 90]
	]
}
}